"config","winner_mean","challenger_mean","diff_pct","t_stat","p_value","significant"
0,30836651.2164704,31066149.5231578,0.744238747185441,-0.214174681913284,0.831167325517016,FALSE
10111,30836651.2164704,31139812.1230541,0.983118771411206,-0.298713787603139,0.766226557214841,FALSE
100100,30836651.2164704,31543610.5635785,2.29259442650002,-0.634216682869021,0.528491671935441,FALSE
110111,30836651.2164704,31716888.5629564,2.85451666040772,-0.807229522824668,0.422876208285622,FALSE
10010,30836651.2164704,31879985.015952,3.38342121573932,-0.966658381433461,0.337766179832279,FALSE
11,30836651.2164704,33948560.9320595,10.0915942322784,-1.38073406507582,0.175966109809576,FALSE
1000101,30836651.2164704,34276771.413049,11.1559461253727,-2.9256987556492,0.00499056525830158,TRUE
