"config_bits","n","mean_ns","sd_ns","se_ns","cv_pct","min_ns","max_ns","speed_norm","stability_norm","optimality_score","rank"
100101,30,30836651.2164704,3971798.35458398,725147.850889183,12.880122185455,27423154.0795379,47009347.0002222,0,0.0178267130149355,0.0178267130149355,1
10111,30,31139812.1230541,3889051.36518102,710040.386668635,12.4890007358194,27562583.7031771,40612707.2490558,0.0881250913515287,0,0.0881250913515287,2
0,30,31066149.5231578,4321021.6016542,788907.000897702,13.9090993508325,27002724.8415908,42817882.2626083,0.0667122930517535,0.064725906713461,0.0929514553092242,3
100100,30,31543610.5635785,4636948.43065212,846587.084485449,14.7001194467133,26849113.4663408,42056639.6160853,0.205504257616108,0.10077938384046,0.228885307753928,4
110111,30,31716888.5629564,4460578.50217506,814386.488387963,14.0637329330746,27423183.2001777,42159770.3621417,0.255874009100447,0.0717738671249126,0.265749875889341,5
10010,30,31879985.015952,4378672.48633488,799432.564230948,13.7348636900045,27312815.9751166,42020398.9797823,0.303284112142149,0.0567845137639262,0.308554263754784,6
1000101,30,34276771.413049,5069714.28308707,925598.957650973,14.7905245275145,28155057.6814041,46318969.4307932,1,0.104899908122713,1.0054869420953,7
11,30,33948560.9320595,11688214.3956845,2133966.22715766,34.4291895585083,25729541.3463675,91047092.8664741,0.904593310048922,1,1.34843948940442,8
