"arch","n_ticks","elapsed_s","mean_exec_delta","sd_exec_delta","mean_hot_words","mean_heat","max_heat","mean_win","mean_trust","mean_variance"
"amd64",261113,2.61113,255.983612458974,1.16047956442538,91.5047431571772,3.59018559589237,7.18162536621094,256.823172343009,0.99494706415403,0.0107998259769799
"aarch64",261117,2.61117,255.983612710011,1.16047067755061,30.3985876063221,0.652105778526611,8.51759338378906,256.823159732993,1,0
"riscv64",261117,2.61117,255.983612710011,1.16047067755061,29.7397105512088,0.40354961525475,8.2513427734375,256.823159732993,1,0
