"arch","n_ticks","elapsed_s","mean_exec_delta","sd_exec_delta","mean_hot_words","mean_heat","max_heat","mean_win","mean_trust","mean_variance"
"amd64",261097,2.61097,255.98462257322,1.10689867057007,72.4896915705657,4.71979090290806,9.44157409667969,256.731088446056,1,0
"aarch64",261095,2.61095,255.984488404604,1.11682351331341,27.8421723893602,0.504022070342422,9.31074523925781,256.69184396484,1,0
"riscv64",261095,2.61095,255.984488404604,1.11682351331341,27.555633007143,0.348982535155708,9.30288696289062,256.69184396484,1,0
