"arch","n_ticks","elapsed_s","mean_exec_delta","sd_exec_delta","mean_hot_words","mean_heat","max_heat","mean_win","mean_trust","mean_variance"
"amd64",261098,2.61098,255.984488582831,1.11681709839128,75.4889007192702,4.63398900302442,9.26994323730469,256.691836015596,0.99457035231692,0.00969677209435909
"aarch64",261095,2.61095,255.984488404604,1.11682351331341,27.8356421991995,0.498436510059067,9.30778503417969,256.69184396484,1,0
"riscv64",261095,2.61095,255.984488404604,1.11682351331341,27.5554415059653,0.348686835433407,9.30662536621094,256.69184396484,1,0
