"arch","n_ticks","elapsed_s","mean_exec_delta","sd_exec_delta","mean_hot_words","mean_heat","max_heat","mean_win","mean_trust","mean_variance"
"amd64",26251,0.26251,255.845720163041,3.51919453262935,70.9164984191078,0.464124563530392,0.930206298828125,262.881147384862,0.991548732132563,0.0229280845337216
"aarch64",26251,0.26251,255.845720163041,3.51919453262935,70.9164984191078,0.464124563530392,0.930206298828125,262.881147384862,1,0
"riscv64",26251,0.26251,255.845720163041,3.51919453262935,70.9164984191078,0.464124563530392,0.930206298828125,262.881147384862,1,0
