"config","n","mean_ns","sd_ns","se_ns","cv_pct","min_ns","max_ns","rank"
"0100011",300,31592403.7002266,4778673.39058253,275896.836842213,15.1260202798316,25480559.8755832,61699399.3796934,1
"0000000",300,31672085.5849159,5490901.25246569,317017.331620472,17.3367214411695,25350623.5805377,74927391.7938236,2
"0010111",300,31673507.7398978,4697778.00409095,271226.339525501,14.8318842442997,25213334.323928,56864819.8711397,3
"0000101",300,31826414.735404,5251060.12159743,303170.097473519,16.4990626976155,25251962.8526994,57667166.300822,4
"0000011",300,31841329.3079168,5081556.77829141,293383.817384892,15.9589969663358,25826542.1977338,68788469.7053988,5
"0110111",300,31908687.7746279,5592150.46214261,322862.957466693,17.5254792727302,25929643.8231504,77780370.001333,6
"0010001",300,31921582.0056817,4887109.02341435,282157.371022733,15.3097331534023,25144172.8042657,53901285.1544101,7
